#Method,Precision,Recall,F1
LinguisticApproach,0.039378238341968914,0.012635112842027202,0.018504203692234145
TFIDF,0.07772020725388601,0.026920242004918,0.038330951416727904
RAKE,0.15544041450777202,0.06336752472320827,0.08647707961241459
TEXTRANK,0.2683937823834197,0.09762886453873663,0.13919448431382495
YAKE,0.20829015544041452,0.07706742046180884,0.10886054842671067
GP,0.14196892,0.05082721,0.07237059
GP(L),0.009326426,0.0027575255e,0.0042276196
GP(G),0.040414494,0.012596966,0.018643996



