#Method,Precision,Recall,F1
LinguisticApproach,0.28708333333333336,0.6243985714285715,0.3710947907647908
TFIDF,0.18713333333333335,0.5663071428571429,0.2693219191919192
RAKE,0.14606333333333332,0.30456714285714287,0.18543903318903318
TEXTRANK,0.1433,0.2385638095238095,0.16630011544011544
YAKE,0.16835333333333333,0.47047190476190476,0.23608867243867246