#Method,Precision,Recall,F1
LinguisticApproach,0.22563333333333332,0.5070585714285715,0.2938841580641581
TFIDF,0.14513333333333334,0.372695,0.19779977799977802
RAKE,0.13941666666666666,0.2730159523809524,0.17154291486291487
TEXTRANK,0.19813333333333333,0.35993761904761906,0.2374841747141747
YAKE,0.14777666666666667,0.3802635714285714,0.200496114996115