#Method,Precision,Recall,F1
LinguisticApproach,0.23283,0.5376243073593073,0.3062843217893218
TFIDF,0.11131666666666667,0.29387175324675324,0.15296471361971364
RAKE,0.13780333333333333,0.2821838095238095,0.17231560772560772
TEXTRANK,0.19908,0.37301151515151515,0.24179822566322567
YAKE,0.16972,0.4514302380952381,0.23316141636141638
