#Method,Precision,Recall,F1
LinguisticApproach,0.23283,0.5376243073593073,0.3062843217893218,0,0,0
TFIDF,0.11131666666666667,0.29387175324675324,0.15296471361971364,0,0,0
RAKE,0.13780333333333333,0.2821838095238095,0.17231560772560772,0,0,0
TEXTRANK,0.19908,0.37301151515151515,0.24179822566322567,0,0,0
YAKE,0.16972,0.4514302380952381,0.23316141636141638,0,0,0
#GP(300),0.18136846,0.5031309,0.25331947,0,0,0
GP(19431),0.18671273,0.516496361,0.260485932,0.002587437659,0.008771636901,0.003847898516
GP(L),0.160095329,0.430463618,0.221699661,0.003361055034,0.009905810505,0.004772655762
GP(S),5.48E-02,0.1471336635,0.0757436615,0.005521627743,0.01462379482,0.007639014057