#Method,Precision,Recall,F1
LinguisticApproach,0.29723666666666665,0.668317619047619,0.38902580086580085
TFIDF,0.11415,0.36405857142857145,0.16658281385281387
RAKE,0.14548666666666665,0.30797857142857143,0.18517808080808082
TEXTRANK,0.15509333333333333,0.2666452380952381,0.18211676767676768
YAKE,0.17906,0.5171919047619048,0.25367385281385285
